'Сирожа ТЕСТ';'smoljaninov.se@yandex.ru';'+7-(123)-123-12-31';'Алексей Карелов';'February 24, 2021, 11:37 am'
﻿'Сирожа';'smoljaninov.se@yandex.ru';'+7-(908)-019-41-30';'Дарья Сергеевна';'February 24, 2021, 11:36 am'
﻿'Сирожа';'gh@maui.ru';'+7-(908)-019-41-30';'Дарья Сергеевна';'February 24, 2021, 11:28 am';'дубль'
﻿'Сирожа';'smoljaninov.se@yandex.ru';'+7-(908)-019-41-30';'Дарья Сергеевна';'February 24, 2021, 11:27 am';'дубль'
﻿'Сирожа';'deaswdasdasdasD@sadas.ru';'+7-(908)-019-41-30';'Мария Шестакова';'February 24, 2021, 11:26 am';'дубль'
﻿'Сирожа';'smoljaninov.se@yandex.ru';'+7-(908)-019-41-30';'Дарья Сергеевна';'February 24, 2021, 11:26 am';'дубль'
﻿'Сирожа';'smoljaninov.se@yandex.ru';'+7-(908)-019-41-30';'Арман Егян';'February 24, 2021, 11:23 am'
'dasda'	'asdasdasda@adssad.ru'	'+7-(908)-019-41-30'	' '	'February 24, 2021, 11:16 am'	''
?''	'smoljaninov.se@yandex.ru'	'+7-(908)-019-41-30'	' '	'February 24, 2021, 11:14 am'	
?''	'smoljaninov.se@yandex.ru'	'+7-(908)-019-41-30'	' '	'February 24, 2021, 11:14 am'	
?''	'asdasdasdas@masdsa.ru'	'+7-(908)-019-41-30'	' '	'February 24, 2021, 11:13 am'	
?''	'smoljaninov.se@yandex.ru'	'+7-(908)-019-41-30'	' '	'February 24, 2021, 11:04 am'	
?''	'smoljaninov.se@yandex.ru'	'+7-(908)-019-41-30'	' '	'February 24, 2021, 11:03 am'	
?''	'smoljaninov.se@yandex.ru'	'+7-(908)-019-41-30'	' '	'February 24, 2021, 11:02 am'	
?''	'asdasda@asdas.ru'	'+7-(908)-019-41-30'	' '	'February 24, 2021, 11:01 am'	
?''	'sadasdasd@asda.ru'	'+7-(908)-019-41-30'	' '	'February 24, 2021, 11:00 am'	
?''	'smoljaninov.se@yandex.ru'	'+7-(908)-019-41-30'	' '	'February 24, 2021, 5:40 am'	
?''	'smoljaninov.se@yandex.ru'	'+7-(908)-019-41-30'	' '	'February 24, 2021, 5:39 am'	
?''	'smoljaninov.se@yandex.ru'	'+7-(908)-019-41-30'	' '	'February 24, 2021, 5:39 am'	
?''	'smoljaninov.se@yandex.ru'	'+7-(908)-019-41-30'	' '	'February 24, 2021, 5:31 am'	
?''	'smoljaninov.se@yandex.ru'	'+7-(908)-019-41-30'	' '	'February 24, 2021, 5:30 am'	
?''	'smoljaninov.se@yandex.ru'	'+7-(908)-019-41-30'	' '	'February 24, 2021, 5:29 am'	
"'???'	'smoljaninov.se@yandex.ru'	'+7-(908)-019-41-30'	'+??????'February 23, 2021, 1:32 pm'"					
